{
    "image_height": 792,
    "image_width": 612,
    "title": [
        [
            180.85000610351562,
            506.72198486328125,
            431.3140869140625,
            523.0659790039062
        ]
    ],
    "paragraph": [
        [
            90.0,
            72.0,
            233.98333740234375,
            285.25
        ],
        [
            233.98333740234375,
            72.0,
            377.9666748046875,
            285.25
        ],
        [
            377.9666748046875,
            72.0,
            521.9500122070312,
            285.25
        ],
        [
            125.0999984741211,
            650.7100219726562,
            498.1800842285156,
            679.97998046875
        ]
    ],
    "table": [],
    "picture": [
        [
            166.0,
            285.25,
            446.0,
            471.8999938964844
        ]
    ],
    "formula": [],
    "table_signature": [],
    "picture_signature": [
        [
            285.8999938964844,
            484.197998046875,
            326.260009765625,
            495.093994140625
        ]
    ],
    "formula_signature": [],
    "numbered_list": [],
    "marked_list": [
        [
            107.0999984741211,
            525.510009765625,
            520.7401123046875,
            648.6799926757812
        ]
    ],
    "footer": [
        [
            90.0999984741211,
            36.010009765625,
            268.0800476074219,
            49.63001251220703
        ],
        [
            303.04998779296875,
            740.9910278320312,
            309.198974609375,
            755.9730224609375
        ]
    ]
}