{
    "image_height": 792,
    "image_width": 612,
    "title": [
        [
            198.6999969482422,
            435.7720031738281,
            413.5239562988281,
            452.1159973144531
        ]
    ],
    "paragraph": [
        [
            125.0999984741211,
            87.65997314453125,
            514.0401000976562,
            116.93000030517578
        ],
        [
            90.0999984741211,
            336.2409973144531,
            460.0738525390625,
            424.14398193359375
        ]
    ],
    "table": [
        [
            90.0999984741211,
            147.0718765258789,
            521.960009765625,
            310.9000015258789
        ]
    ],
    "picture": [
        [
            107.0,
            454.5000305175781,
            505.0,
            678.4000244140625
        ]
    ],
    "formula": [],
    "table_signature": [
        [
            491.1000061035156,
            122.97897338867188,
            522.1409912109375,
            135.23696899414062
        ]
    ],
    "picture_signature": [
        [
            210.6999969482422,
            690.697998046875,
            401.41998291015625,
            701.593994140625
        ]
    ],
    "formula_signature": [],
    "numbered_list": [],
    "marked_list": [
        [
            107.0999984741211,
            72.010009765625,
            517.6800537109375,
            85.63001251220703
        ]
    ],
    "footer": [
        [
            90.0999984741211,
            36.010009765625,
            268.0800476074219,
            49.63001251220703
        ],
        [
            303.04998779296875,
            740.9910278320312,
            309.198974609375,
            755.9730224609375
        ]
    ]
}