{
    "image_height": 792,
    "image_width": 612,
    "title": [],
    "paragraph": [
        [
            125.0999984741211,
            275.4599914550781,
            207.3800048828125,
            289.0799865722656
        ],
        [
            84.5999984741211,
            295.0999755859375,
            300.5749931335449,
            539.6500244140625
        ],
        [
            300.5749931335449,
            295.0999755859375,
            516.5499877929688,
            539.6500244140625
        ],
        [
            90.0999984741211,
            539.6910400390625,
            397.1319580078125,
            627.593994140625
        ],
        [
            125.0999984741211,
            686.1599731445312,
            256.06005859375,
            699.7799682617188
        ]
    ],
    "table": [],
    "picture": [],
    "formula": [],
    "table_signature": [],
    "picture_signature": [],
    "formula_signature": [],
    "numbered_list": [
        [
            107.0999984741211,
            639.2100219726562,
            523.8499755859375,
            684.1300048828125
        ]
    ],
    "marked_list": [
        [
            107.0999984741211,
            72.010009765625,
            508.3201599121094,
            273.42999267578125
        ]
    ],
    "footer": [
        [
            90.0999984741211,
            36.010009765625,
            268.0800476074219,
            49.63001251220703
        ],
        [
            303.04998779296875,
            740.9910278320312,
            309.198974609375,
            755.9730224609375
        ]
    ]
}