{
    "image_height": 792,
    "image_width": 612,
    "title": [],
    "paragraph": [
        [
            89.94444444444444,
            71.91666666666667,
            305.9805603027344,
            97.7166748046875
        ],
        [
            305.9805603027344,
            71.91666666666667,
            522.0166761610243,
            97.7166748046875
        ],
        [
            125.0999984741211,
            356.510009765625,
            505.860107421875,
            417.0799865722656
        ],
        [
            89.94444444444444,
            552.4000244140625,
            233.9685216833044,
            706.8499755859375
        ],
        [
            233.9685216833044,
            552.4000244140625,
            377.99259892216435,
            706.8499755859375
        ],
        [
            377.99259892216435,
            552.4000244140625,
            522.0166761610243,
            706.8499755859375
        ]
    ],
    "table": [],
    "picture": [],
    "formula": [
        [
            161.5,
            423.04998779296875,
            450.5,
            540.0499877929688
        ]
    ],
    "table_signature": [],
    "picture_signature": [],
    "formula_signature": [],
    "numbered_list": [],
    "marked_list": [
        [
            107.0999984741211,
            121.760009765625,
            520.93017578125,
            354.47998046875
        ]
    ],
    "footer": [
        [
            90.0999984741211,
            36.010009765625,
            268.0800476074219,
            49.63001251220703
        ],
        [
            303.04998779296875,
            740.9910278320312,
            309.198974609375,
            755.9730224609375
        ]
    ]
}