{
    "image_height": 792,
    "image_width": 612,
    "title": [],
    "paragraph": [
        [
            125.0999984741211,
            72.010009765625,
            510.2301940917969,
            101.27997589111328
        ],
        [
            90.0999984741211,
            317.1600036621094,
            517.1202392578125,
            706.3800048828125
        ]
    ],
    "table": [],
    "picture": [],
    "formula": [
        [
            174.5,
            169.85000610351562,
            437.5,
            304.8500061035156
        ]
    ],
    "table_signature": [],
    "picture_signature": [],
    "formula_signature": [],
    "numbered_list": [],
    "marked_list": [
        [
            107.0999984741211,
            103.30999755859375,
            506.9102478027344,
            163.8800048828125
        ]
    ],
    "footer": [
        [
            90.0999984741211,
            36.010009765625,
            268.0800476074219,
            49.63001251220703
        ],
        [
            303.04998779296875,
            740.9910278320312,
            309.198974609375,
            755.9730224609375
        ]
    ]
}