{
    "image_height": 792,
    "image_width": 612,
    "title": [
        [
            177.85000610351562,
            661.072021484375,
            434.325927734375,
            677.416015625
        ]
    ],
    "paragraph": [
        [
            90.0999984741211,
            72.010009765625,
            524.1499633789062,
            649.0299682617188
        ],
        [
            89.875,
            703.9833577473959,
            305.9875030517578,
            717.4166870117188
        ],
        [
            305.9875030517578,
            703.9833577473959,
            522.1000061035156,
            717.4166870117188
        ]
    ],
    "table": [],
    "picture": [],
    "formula": [],
    "table_signature": [
        [
            285.6000061035156,
            679.8790283203125,
            326.6309509277344,
            692.1370239257812
        ]
    ],
    "picture_signature": [],
    "formula_signature": [],
    "numbered_list": [],
    "marked_list": [],
    "footer": [
        [
            90.0999984741211,
            36.010009765625,
            268.0800476074219,
            49.63001251220703
        ],
        [
            303.04998779296875,
            740.9910278320312,
            309.198974609375,
            755.9730224609375
        ]
    ]
}